"0","raw_train <- fread(train_url)
"
"2"," [0%] Downloaded 15928 bytes..."
"2"," [0%] Downloaded 32288 bytes..."
"2"," [0%] Downloaded 32312 bytes..."
"2"," [0%] Downloaded 34325 bytes..."
"2"," [0%] Downloaded 50685 bytes..."
"2"," [0%] Downloaded 67045 bytes..."
"2"," [0%] Downloaded 67069 bytes..."
"2"," [0%] Downloaded 69141 bytes..."
"2"," [0%] Downloaded 85501 bytes..."
"2"," [0%] Downloaded 86549 bytes..."
"2"," [0%] Downloaded 102909 bytes..."
"2"," [0%] Downloaded 102933 bytes..."
"2"," [0%] Downloaded 103957 bytes..."
"2"," [0%] Downloaded 120317 bytes..."
"2"," [0%] Downloaded 120341 bytes..."
"2"," [1%] Downloaded 136701 bytes..."
"2"," [1%] Downloaded 136725 bytes..."
"2"," [1%] Downloaded 153085 bytes..."
"2"," [1%] Downloaded 153109 bytes..."
"2"," [1%] Downloaded 169469 bytes..."
"2"," [1%] Downloaded 169493 bytes..."
"2"," [1%] Downloaded 185853 bytes..."
"2"," [1%] Downloaded 185877 bytes..."
"2"," [1%] Downloaded 202237 bytes..."
"2"," [1%] Downloaded 202261 bytes..."
"2"," [1%] Downloaded 218621 bytes..."
"2"," [1%] Downloaded 218645 bytes..."
"2"," [1%] Downloaded 235005 bytes..."
"2"," [1%] Downloaded 235029 bytes..."
"2"," [1%] Downloaded 243221 bytes..."
"2"," [2%] Downloaded 259581 bytes..."
"2"," [2%] Downloaded 259605 bytes..."
"2"," [2%] Downloaded 260629 bytes..."
"2"," [2%] Downloaded 269317 bytes..."
"2"," [2%] Downloaded 278037 bytes..."
"2"," [2%] Downloaded 294397 bytes..."
"2"," [2%] Downloaded 294421 bytes..."
"2"," [2%] Downloaded 295445 bytes..."
"2"," [2%] Downloaded 311805 bytes..."
"2"," [2%] Downloaded 311829 bytes..."
"2"," [2%] Downloaded 312853 bytes..."
"2"," [2%] Downloaded 329213 bytes..."
"2"," [2%] Downloaded 329237 bytes..."
"2"," [2%] Downloaded 330261 bytes..."
"2"," [2%] Downloaded 346621 bytes..."
"2"," [2%] Downloaded 347669 bytes..."
"2"," [2%] Downloaded 364029 bytes..."
"2"," [2%] Downloaded 364053 bytes..."
"2"," [3%] Downloaded 380413 bytes..."
"2"," [3%] Downloaded 380437 bytes..."
"2"," [3%] Downloaded 382485 bytes..."
"2"," [3%] Downloaded 398845 bytes..."
"2"," [3%] Downloaded 398869 bytes..."
"2"," [3%] Downloaded 399893 bytes..."
"2"," [3%] Downloaded 416253 bytes..."
"2"," [3%] Downloaded 417301 bytes..."
"2"," [3%] Downloaded 433661 bytes..."
"2"," [3%] Downloaded 433685 bytes..."
"2"," [3%] Downloaded 434709 bytes..."
"2"," [3%] Downloaded 451069 bytes..."
"2"," [3%] Downloaded 451093 bytes..."
"2"," [3%] Downloaded 452117 bytes..."
"2"," [3%] Downloaded 468477 bytes..."
"2"," [3%] Downloaded 468501 bytes..."
"2"," [3%] Downloaded 469525 bytes..."
"2"," [3%] Downloaded 485885 bytes..."
"2"," [3%] Downloaded 485909 bytes..."
"2"," [3%] Downloaded 486933 bytes..."
"2"," [4%] Downloaded 503293 bytes..."
"2"," [4%] Downloaded 503317 bytes..."
"2"," [4%] Downloaded 504341 bytes..."
"2"," [4%] Downloaded 520701 bytes..."
"2"," [4%] Downloaded 520725 bytes..."
"2"," [4%] Downloaded 521749 bytes..."
"2"," [4%] Downloaded 538109 bytes..."
"2"," [4%] Downloaded 538133 bytes..."
"2"," [4%] Downloaded 539157 bytes..."
"2"," [4%] Downloaded 555517 bytes..."
"2"," [4%] Downloaded 555541 bytes..."
"2"," [4%] Downloaded 556565 bytes..."
"2"," [4%] Downloaded 572925 bytes..."
"2"," [4%] Downloaded 573973 bytes..."
"2"," [4%] Downloaded 590333 bytes..."
"2"," [4%] Downloaded 590357 bytes..."
"2"," [4%] Downloaded 591381 bytes..."
"2"," [4%] Downloaded 607741 bytes..."
"2"," [4%] Downloaded 607765 bytes..."
"2"," [5%] Downloaded 624125 bytes..."
"2"," [5%] Downloaded 624149 bytes..."
"2"," [5%] Downloaded 625149 bytes..."
"2"," [5%] Downloaded 626197 bytes..."
"2"," [5%] Downloaded 642557 bytes..."
"2"," [5%] Downloaded 642581 bytes..."
"2"," [5%] Downloaded 643605 bytes..."
"2"," [5%] Downloaded 659965 bytes..."
"2"," [5%] Downloaded 659989 bytes..."
"2"," [5%] Downloaded 661013 bytes..."
"2"," [5%] Downloaded 677373 bytes..."
"2"," [5%] Downloaded 677397 bytes..."
"2"," [5%] Downloaded 678421 bytes..."
"2"," [5%] Downloaded 694781 bytes..."
"2"," [5%] Downloaded 694805 bytes..."
"2"," [5%] Downloaded 695829 bytes..."
"2"," [5%] Downloaded 712189 bytes..."
"2"," [5%] Downloaded 712213 bytes..."
"2"," [5%] Downloaded 713237 bytes..."
"2"," [5%] Downloaded 729597 bytes..."
"2"," [5%] Downloaded 729621 bytes..."
"2"," [5%] Downloaded 732061 bytes..."
"2"," [6%] Downloaded 748053 bytes..."
"2"," [6%] Downloaded 764413 bytes..."
"2"," [6%] Downloaded 764437 bytes..."
"2"," [6%] Downloaded 780797 bytes..."
"2"," [6%] Downloaded 780821 bytes..."
"2"," [6%] Downloaded 782869 bytes..."
"2"," [6%] Downloaded 799229 bytes..."
"2"," [6%] Downloaded 799253 bytes..."
"2"," [6%] Downloaded 800277 bytes..."
"2"," [6%] Downloaded 816637 bytes..."
"2"," [6%] Downloaded 816661 bytes..."
"2"," [6%] Downloaded 817685 bytes..."
"2"," [6%] Downloaded 834045 bytes..."
"2"," [6%] Downloaded 834069 bytes..."
"2"," [6%] Downloaded 835093 bytes..."
"2"," [6%] Downloaded 851453 bytes..."
"2"," [6%] Downloaded 851477 bytes..."
"2"," [6%] Downloaded 852501 bytes..."
"2"," [7%] Downloaded 868861 bytes..."
"2"," [7%] Downloaded 868885 bytes..."
"2"," [7%] Downloaded 885245 bytes..."
"2"," [7%] Downloaded 885269 bytes..."
"2"," [7%] Downloaded 901629 bytes..."
"2"," [7%] Downloaded 901653 bytes..."
"2"," [7%] Downloaded 917661 bytes..."
"2"," [7%] Downloaded 934021 bytes..."
"2"," [7%] Downloaded 934045 bytes..."
"2"," [7%] Downloaded 950405 bytes..."
"2"," [7%] Downloaded 950429 bytes..."
"2"," [7%] Downloaded 966789 bytes..."
"2"," [7%] Downloaded 966813 bytes..."
"2"," [7%] Downloaded 974357 bytes..."
"2"," [8%] Downloaded 990717 bytes..."
"2"," [8%] Downloaded 990741 bytes..."
"2"," [8%] Downloaded 1007101 bytes..."
"2"," [8%] Downloaded 1007125 bytes..."
"2"," [8%] Downloaded 1009173 bytes..."
"2"," [8%] Downloaded 1025533 bytes..."
"2"," [8%] Downloaded 1025557 bytes..."
"2"," [8%] Downloaded 1026581 bytes..."
"2"," [8%] Downloaded 1042941 bytes..."
"2"," [8%] Downloaded 1042965 bytes..."
"2"," [8%] Downloaded 1043989 bytes..."
"2"," [8%] Downloaded 1060349 bytes..."
"2"," [8%] Downloaded 1060373 bytes..."
"2"," [8%] Downloaded 1061397 bytes..."
"2"," [8%] Downloaded 1077757 bytes..."
"2"," [8%] Downloaded 1077781 bytes..."
"2"," [8%] Downloaded 1078805 bytes..."
"2"," [8%] Downloaded 1095165 bytes..."
"2"," [8%] Downloaded 1095189 bytes..."
"2"," [9%] Downloaded 1111549 bytes..."
"2"," [9%] Downloaded 1111573 bytes..."
"2"," [9%] Downloaded 1127933 bytes..."
"2"," [9%] Downloaded 1127957 bytes..."
"2"," [9%] Downloaded 1144317 bytes..."
"2"," [9%] Downloaded 1144341 bytes..."
"2"," [9%] Downloaded 1160701 bytes..."
"2"," [9%] Downloaded 1160725 bytes..."
"2"," [9%] Downloaded 1177085 bytes..."
"2"," [9%] Downloaded 1177109 bytes..."
"2"," [9%] Downloaded 1193469 bytes..."
"2"," [9%] Downloaded 1193493 bytes..."
"2"," [9%] Downloaded 1209853 bytes..."
"2"," [9%] Downloaded 1209877 bytes..."
"2"," [10%] Downloaded 1226237 bytes..."
"2"," [10%] Downloaded 1226261 bytes..."
"2"," [10%] Downloaded 1242621 bytes..."
"2"," [10%] Downloaded 1242645 bytes..."
"2"," [10%] Downloaded 1259005 bytes..."
"2"," [10%] Downloaded 1259029 bytes..."
"2"," [10%] Downloaded 1275389 bytes..."
"2"," [10%] Downloaded 1275413 bytes..."
"2"," [10%] Downloaded 1291773 bytes..."
"2"," [10%] Downloaded 1291797 bytes..."
"2"," [10%] Downloaded 1308157 bytes..."
"2"," [10%] Downloaded 1308181 bytes..."
"2"," [10%] Downloaded 1324541 bytes..."
"2"," [10%] Downloaded 1324565 bytes..."
"2"," [10%] Downloaded 1340925 bytes..."
"2"," [10%] Downloaded 1340949 bytes..."
"2"," [11%] Downloaded 1357309 bytes..."
"2"," [11%] Downloaded 1357333 bytes..."
"2"," [11%] Downloaded 1373693 bytes..."
"2"," [11%] Downloaded 1373717 bytes..."
"2"," [11%] Downloaded 1390077 bytes..."
"2"," [11%] Downloaded 1390101 bytes..."
"2"," [11%] Downloaded 1406461 bytes..."
"2"," [11%] Downloaded 1406485 bytes..."
"2"," [11%] Downloaded 1422845 bytes..."
"2"," [11%] Downloaded 1422869 bytes..."
"2"," [11%] Downloaded 1439229 bytes..."
"2"," [11%] Downloaded 1439253 bytes..."
"2"," [11%] Downloaded 1455613 bytes..."
"2"," [11%] Downloaded 1455637 bytes..."
"2"," [12%] Downloaded 1471997 bytes..."
"2"," [12%] Downloaded 1472021 bytes..."
"2"," [12%] Downloaded 1488381 bytes..."
"2"," [12%] Downloaded 1488405 bytes..."
"2"," [12%] Downloaded 1504765 bytes..."
"2"," [12%] Downloaded 1504789 bytes..."
"2"," [12%] Downloaded 1521149 bytes..."
"2"," [12%] Downloaded 1521173 bytes..."
"2"," [12%] Downloaded 1537533 bytes..."
"2"," [12%] Downloaded 1537557 bytes..."
"2"," [12%] Downloaded 1553917 bytes..."
"2"," [12%] Downloaded 1553941 bytes..."
"2"," [12%] Downloaded 1570301 bytes..."
"2"," [12%] Downloaded 1570325 bytes..."
"2"," [13%] Downloaded 1586685 bytes..."
"2"," [13%] Downloaded 1586709 bytes..."
"2"," [13%] Downloaded 1603069 bytes..."
"2"," [13%] Downloaded 1603093 bytes..."
"2"," [13%] Downloaded 1619453 bytes..."
"2"," [13%] Downloaded 1619477 bytes..."
"2"," [13%] Downloaded 1635837 bytes..."
"2"," [13%] Downloaded 1635861 bytes..."
"2"," [13%] Downloaded 1652221 bytes..."
"2"," [13%] Downloaded 1652245 bytes..."
"2"," [13%] Downloaded 1668605 bytes..."
"2"," [13%] Downloaded 1668629 bytes..."
"2"," [13%] Downloaded 1684989 bytes..."
"2"," [13%] Downloaded 1685013 bytes..."
"2"," [13%] Downloaded 1701373 bytes..."
"2"," [13%] Downloaded 1701397 bytes..."
"2"," [14%] Downloaded 1717757 bytes..."
"2"," [14%] Downloaded 1717781 bytes..."
"2"," [14%] Downloaded 1734141 bytes..."
"2"," [14%] Downloaded 1734165 bytes..."
"2"," [14%] Downloaded 1750525 bytes..."
"2"," [14%] Downloaded 1750549 bytes..."
"2"," [14%] Downloaded 1766909 bytes..."
"2"," [14%] Downloaded 1766933 bytes..."
"2"," [14%] Downloaded 1783293 bytes..."
"2"," [14%] Downloaded 1783317 bytes..."
"2"," [14%] Downloaded 1799677 bytes..."
"2"," [14%] Downloaded 1799701 bytes..."
"2"," [14%] Downloaded 1816061 bytes..."
"2"," [14%] Downloaded 1816085 bytes..."
"2"," [15%] Downloaded 1832445 bytes..."
"2"," [15%] Downloaded 1832469 bytes..."
"2"," [15%] Downloaded 1848829 bytes..."
"2"," [15%] Downloaded 1848853 bytes..."
"2"," [15%] Downloaded 1865213 bytes..."
"2"," [15%] Downloaded 1865237 bytes..."
"2"," [15%] Downloaded 1881597 bytes..."
"2"," [15%] Downloaded 1881621 bytes..."
"2"," [15%] Downloaded 1897981 bytes..."
"2"," [15%] Downloaded 1898005 bytes..."
"2"," [15%] Downloaded 1914365 bytes..."
"2"," [15%] Downloaded 1914389 bytes..."
"2"," [15%] Downloaded 1930749 bytes..."
"2"," [15%] Downloaded 1930773 bytes..."
"2"," [15%] Downloaded 1947133 bytes..."
"2"," [15%] Downloaded 1947157 bytes..."
"2"," [16%] Downloaded 1963517 bytes..."
"2"," [16%] Downloaded 1963541 bytes..."
"2"," [16%] Downloaded 1979901 bytes..."
"2"," [16%] Downloaded 1979925 bytes..."
"2"," [16%] Downloaded 1996285 bytes..."
"2"," [16%] Downloaded 1996309 bytes..."
"2"," [16%] Downloaded 2012669 bytes..."
"2"," [16%] Downloaded 2012693 bytes..."
"2"," [16%] Downloaded 2029053 bytes..."
"2"," [16%] Downloaded 2029077 bytes..."
"2"," [16%] Downloaded 2045437 bytes..."
"2"," [16%] Downloaded 2045461 bytes..."
"2"," [16%] Downloaded 2061821 bytes..."
"2"," [16%] Downloaded 2061845 bytes..."
"2"," [17%] Downloaded 2078205 bytes..."
"2"," [17%] Downloaded 2078229 bytes..."
"2"," [17%] Downloaded 2094589 bytes..."
"2"," [17%] Downloaded 2094613 bytes..."
"2"," [17%] Downloaded 2110973 bytes..."
"2"," [17%] Downloaded 2110997 bytes..."
"2"," [17%] Downloaded 2127357 bytes..."
"2"," [17%] Downloaded 2127381 bytes..."
"2"," [17%] Downloaded 2143741 bytes..."
"2"," [17%] Downloaded 2143765 bytes..."
"2"," [17%] Downloaded 2160125 bytes..."
"2"," [17%] Downloaded 2160149 bytes..."
"2"," [17%] Downloaded 2176509 bytes..."
"2"," [17%] Downloaded 2176533 bytes..."
"2"," [17%] Downloaded 2192893 bytes..."
"2"," [17%] Downloaded 2192917 bytes..."
"2"," [18%] Downloaded 2209277 bytes..."
"2"," [18%] Downloaded 2209301 bytes..."
"2"," [18%] Downloaded 2225661 bytes..."
"2"," [18%] Downloaded 2225685 bytes..."
"2"," [18%] Downloaded 2242045 bytes..."
"2"," [18%] Downloaded 2242069 bytes..."
"2"," [18%] Downloaded 2258429 bytes..."
"2"," [18%] Downloaded 2258453 bytes..."
"2"," [18%] Downloaded 2274813 bytes..."
"2"," [18%] Downloaded 2274837 bytes..."
"2"," [18%] Downloaded 2291197 bytes..."
"2"," [18%] Downloaded 2291221 bytes..."
"2"," [18%] Downloaded 2307581 bytes..."
"2"," [18%] Downloaded 2307605 bytes..."
"2"," [19%] Downloaded 2323965 bytes..."
"2"," [19%] Downloaded 2323989 bytes..."
"2"," [19%] Downloaded 2340349 bytes..."
"2"," [19%] Downloaded 2340373 bytes..."
"2"," [19%] Downloaded 2356733 bytes..."
"2"," [19%] Downloaded 2356757 bytes..."
"2"," [19%] Downloaded 2373117 bytes..."
"2"," [19%] Downloaded 2373141 bytes..."
"2"," [19%] Downloaded 2389501 bytes..."
"2"," [19%] Downloaded 2389525 bytes..."
"2"," [19%] Downloaded 2405885 bytes..."
"2"," [19%] Downloaded 2405909 bytes..."
"2"," [19%] Downloaded 2422269 bytes..."
"2"," [19%] Downloaded 2422293 bytes..."
"2"," [19%] Downloaded 2438653 bytes..."
"2"," [19%] Downloaded 2438677 bytes..."
"2"," [20%] Downloaded 2455037 bytes..."
"2"," [20%] Downloaded 2455061 bytes..."
"2"," [20%] Downloaded 2471421 bytes..."
"2"," [20%] Downloaded 2471445 bytes..."
"2"," [20%] Downloaded 2487805 bytes..."
"2"," [20%] Downloaded 2487829 bytes..."
"2"," [20%] Downloaded 2504189 bytes..."
"2"," [20%] Downloaded 2504213 bytes..."
"2"," [20%] Downloaded 2520573 bytes..."
"2"," [20%] Downloaded 2520597 bytes..."
"2"," [20%] Downloaded 2536957 bytes..."
"2"," [20%] Downloaded 2536981 bytes..."
"2"," [20%] Downloaded 2553341 bytes..."
"2"," [20%] Downloaded 2553365 bytes..."
"2"," [21%] Downloaded 2569725 bytes..."
"2"," [21%] Downloaded 2569749 bytes..."
"2"," [21%] Downloaded 2586109 bytes..."
"2"," [21%] Downloaded 2586133 bytes..."
"2"," [21%] Downloaded 2602493 bytes..."
"2"," [21%] Downloaded 2602517 bytes..."
"2"," [21%] Downloaded 2618877 bytes..."
"2"," [21%] Downloaded 2618901 bytes..."
"2"," [21%] Downloaded 2635261 bytes..."
"2"," [21%] Downloaded 2635285 bytes..."
"2"," [21%] Downloaded 2651645 bytes..."
"2"," [21%] Downloaded 2651669 bytes..."
"2"," [21%] Downloaded 2668029 bytes..."
"2"," [21%] Downloaded 2668053 bytes..."
"2"," [21%] Downloaded 2684413 bytes..."
"2"," [21%] Downloaded 2684437 bytes..."
"2"," [22%] Downloaded 2700797 bytes..."
"2"," [22%] Downloaded 2700821 bytes..."
"2"," [22%] Downloaded 2717181 bytes..."
"2"," [22%] Downloaded 2717205 bytes..."
"2"," [22%] Downloaded 2733565 bytes..."
"2"," [22%] Downloaded 2733589 bytes..."
"2"," [22%] Downloaded 2749949 bytes..."
"2"," [22%] Downloaded 2749973 bytes..."
"2"," [22%] Downloaded 2766333 bytes..."
"2"," [22%] Downloaded 2766357 bytes..."
"2"," [22%] Downloaded 2782717 bytes..."
"2"," [22%] Downloaded 2782741 bytes..."
"2"," [22%] Downloaded 2799101 bytes..."
"2"," [22%] Downloaded 2799125 bytes..."
"2"," [23%] Downloaded 2815485 bytes..."
"2"," [23%] Downloaded 2815509 bytes..."
"2"," [23%] Downloaded 2831869 bytes..."
"2"," [23%] Downloaded 2831893 bytes..."
"2"," [23%] Downloaded 2848253 bytes..."
"2"," [23%] Downloaded 2848277 bytes..."
"2"," [23%] Downloaded 2864637 bytes..."
"2"," [23%] Downloaded 2864661 bytes..."
"2"," [23%] Downloaded 2881021 bytes..."
"2"," [23%] Downloaded 2881045 bytes..."
"2"," [23%] Downloaded 2897405 bytes..."
"2"," [23%] Downloaded 2897429 bytes..."
"2"," [23%] Downloaded 2913789 bytes..."
"2"," [23%] Downloaded 2913813 bytes..."
"2"," [24%] Downloaded 2930173 bytes..."
"2"," [24%] Downloaded 2930197 bytes..."
"2"," [24%] Downloaded 2946557 bytes..."
"2"," [24%] Downloaded 2946581 bytes..."
"2"," [24%] Downloaded 2962941 bytes..."
"2"," [24%] Downloaded 2962965 bytes..."
"2"," [24%] Downloaded 2979325 bytes..."
"2"," [24%] Downloaded 2979349 bytes..."
"2"," [24%] Downloaded 2995709 bytes..."
"2"," [24%] Downloaded 2995733 bytes..."
"2"," [24%] Downloaded 3012093 bytes..."
"2"," [24%] Downloaded 3012117 bytes..."
"2"," [24%] Downloaded 3028477 bytes..."
"2"," [24%] Downloaded 3028501 bytes..."
"2"," [24%] Downloaded 3044861 bytes..."
"2"," [24%] Downloaded 3044885 bytes..."
"2"," [25%] Downloaded 3061245 bytes..."
"2"," [25%] Downloaded 3061269 bytes..."
"2"," [25%] Downloaded 3077629 bytes..."
"2"," [25%] Downloaded 3077653 bytes..."
"2"," [25%] Downloaded 3094013 bytes..."
"2"," [25%] Downloaded 3094037 bytes..."
"2"," [25%] Downloaded 3110397 bytes..."
"2"," [25%] Downloaded 3110421 bytes..."
"2"," [25%] Downloaded 3126781 bytes..."
"2"," [25%] Downloaded 3126805 bytes..."
"2"," [25%] Downloaded 3143165 bytes..."
"2"," [25%] Downloaded 3143189 bytes..."
"2"," [25%] Downloaded 3159549 bytes..."
"2"," [25%] Downloaded 3159573 bytes..."
"2"," [26%] Downloaded 3175933 bytes..."
"2"," [26%] Downloaded 3175957 bytes..."
"2"," [26%] Downloaded 3192317 bytes..."
"2"," [26%] Downloaded 3192341 bytes..."
"2"," [26%] Downloaded 3208701 bytes..."
"2"," [26%] Downloaded 3208725 bytes..."
"2"," [26%] Downloaded 3225085 bytes..."
"2"," [26%] Downloaded 3225109 bytes..."
"2"," [26%] Downloaded 3241469 bytes..."
"2"," [26%] Downloaded 3241493 bytes..."
"2"," [26%] Downloaded 3257853 bytes..."
"2"," [26%] Downloaded 3257877 bytes..."
"2"," [26%] Downloaded 3274237 bytes..."
"2"," [26%] Downloaded 3274261 bytes..."
"2"," [26%] Downloaded 3290621 bytes..."
"2"," [26%] Downloaded 3290645 bytes..."
"2"," [27%] Downloaded 3307005 bytes..."
"2"," [27%] Downloaded 3307029 bytes..."
"2"," [27%] Downloaded 3323389 bytes..."
"2"," [27%] Downloaded 3323413 bytes..."
"2"," [27%] Downloaded 3339773 bytes..."
"2"," [27%] Downloaded 3339797 bytes..."
"2"," [27%] Downloaded 3356157 bytes..."
"2"," [27%] Downloaded 3356181 bytes..."
"2"," [27%] Downloaded 3372541 bytes..."
"2"," [27%] Downloaded 3372565 bytes..."
"2"," [27%] Downloaded 3388925 bytes..."
"2"," [27%] Downloaded 3388949 bytes..."
"2"," [27%] Downloaded 3405309 bytes..."
"2"," [27%] Downloaded 3405333 bytes..."
"2"," [28%] Downloaded 3421693 bytes..."
"2"," [28%] Downloaded 3421717 bytes..."
"2"," [28%] Downloaded 3438077 bytes..."
"2"," [28%] Downloaded 3438101 bytes..."
"2"," [28%] Downloaded 3454461 bytes..."
"2"," [28%] Downloaded 3454485 bytes..."
"2"," [28%] Downloaded 3470845 bytes..."
"2"," [28%] Downloaded 3470869 bytes..."
"2"," [28%] Downloaded 3487229 bytes..."
"2"," [28%] Downloaded 3487253 bytes..."
"2"," [28%] Downloaded 3503613 bytes..."
"2"," [28%] Downloaded 3503637 bytes..."
"2"," [28%] Downloaded 3519997 bytes..."
"2"," [28%] Downloaded 3520021 bytes..."
"2"," [28%] Downloaded 3536381 bytes..."
"2"," [28%] Downloaded 3536405 bytes..."
"2"," [29%] Downloaded 3552765 bytes..."
"2"," [29%] Downloaded 3552789 bytes..."
"2"," [29%] Downloaded 3569149 bytes..."
"2"," [29%] Downloaded 3569173 bytes..."
"2"," [29%] Downloaded 3585533 bytes..."
"2"," [29%] Downloaded 3585557 bytes..."
"2"," [29%] Downloaded 3601917 bytes..."
"2"," [29%] Downloaded 3601941 bytes..."
"2"," [29%] Downloaded 3618301 bytes..."
"2"," [29%] Downloaded 3618325 bytes..."
"2"," [29%] Downloaded 3634685 bytes..."
"2"," [29%] Downloaded 3634709 bytes..."
"2"," [29%] Downloaded 3651069 bytes..."
"2"," [29%] Downloaded 3651093 bytes..."
"2"," [30%] Downloaded 3667453 bytes..."
"2"," [30%] Downloaded 3667477 bytes..."
"2"," [30%] Downloaded 3683837 bytes..."
"2"," [30%] Downloaded 3683861 bytes..."
"2"," [30%] Downloaded 3700221 bytes..."
"2"," [30%] Downloaded 3700245 bytes..."
"2"," [30%] Downloaded 3716605 bytes..."
"2"," [30%] Downloaded 3716629 bytes..."
"2"," [30%] Downloaded 3732989 bytes..."
"2"," [30%] Downloaded 3733013 bytes..."
"2"," [30%] Downloaded 3749373 bytes..."
"2"," [30%] Downloaded 3749397 bytes..."
"2"," [30%] Downloaded 3765757 bytes..."
"2"," [30%] Downloaded 3765781 bytes..."
"2"," [30%] Downloaded 3782141 bytes..."
"2"," [30%] Downloaded 3782165 bytes..."
"2"," [31%] Downloaded 3798525 bytes..."
"2"," [31%] Downloaded 3798549 bytes..."
"2"," [31%] Downloaded 3814909 bytes..."
"2"," [31%] Downloaded 3814933 bytes..."
"2"," [31%] Downloaded 3831293 bytes..."
"2"," [31%] Downloaded 3831317 bytes..."
"2"," [31%] Downloaded 3847677 bytes..."
"2"," [31%] Downloaded 3847701 bytes..."
"2"," [31%] Downloaded 3864061 bytes..."
"2"," [31%] Downloaded 3864085 bytes..."
"2"," [31%] Downloaded 3880445 bytes..."
"2"," [31%] Downloaded 3880469 bytes..."
"2"," [31%] Downloaded 3896829 bytes..."
"2"," [31%] Downloaded 3896853 bytes..."
"2"," [32%] Downloaded 3913213 bytes..."
"2"," [32%] Downloaded 3913237 bytes..."
"2"," [32%] Downloaded 3929597 bytes..."
"2"," [32%] Downloaded 3929621 bytes..."
"2"," [32%] Downloaded 3945981 bytes..."
"2"," [32%] Downloaded 3946005 bytes..."
"2"," [32%] Downloaded 3962365 bytes..."
"2"," [32%] Downloaded 3962389 bytes..."
"2"," [32%] Downloaded 3978749 bytes..."
"2"," [32%] Downloaded 3978773 bytes..."
"2"," [32%] Downloaded 3995133 bytes..."
"2"," [32%] Downloaded 3995157 bytes..."
"2"," [32%] Downloaded 4011517 bytes..."
"2"," [32%] Downloaded 4011541 bytes..."
"2"," [33%] Downloaded 4027901 bytes..."
"2"," [33%] Downloaded 4027925 bytes..."
"2"," [33%] Downloaded 4044285 bytes..."
"2"," [33%] Downloaded 4044309 bytes..."
"2"," [33%] Downloaded 4060669 bytes..."
"2"," [33%] Downloaded 4060693 bytes..."
"2"," [33%] Downloaded 4077053 bytes..."
"2"," [33%] Downloaded 4077077 bytes..."
"2"," [33%] Downloaded 4093437 bytes..."
"2"," [33%] Downloaded 4093461 bytes..."
"2"," [33%] Downloaded 4109821 bytes..."
"2"," [33%] Downloaded 4109845 bytes..."
"2"," [33%] Downloaded 4126205 bytes..."
"2"," [33%] Downloaded 4126229 bytes..."
"2"," [33%] Downloaded 4142589 bytes..."
"2"," [33%] Downloaded 4142613 bytes..."
"2"," [34%] Downloaded 4158973 bytes..."
"2"," [34%] Downloaded 4158997 bytes..."
"2"," [34%] Downloaded 4175357 bytes..."
"2"," [34%] Downloaded 4175381 bytes..."
"2"," [34%] Downloaded 4191741 bytes..."
"2"," [34%] Downloaded 4191765 bytes..."
"2"," [34%] Downloaded 4208125 bytes..."
"2"," [34%] Downloaded 4208149 bytes..."
"2"," [34%] Downloaded 4224509 bytes..."
"2"," [34%] Downloaded 4224533 bytes..."
"2"," [34%] Downloaded 4240893 bytes..."
"2"," [34%] Downloaded 4240917 bytes..."
"2"," [34%] Downloaded 4257277 bytes..."
"2"," [34%] Downloaded 4257301 bytes..."
"2"," [35%] Downloaded 4273661 bytes..."
"2"," [35%] Downloaded 4273685 bytes..."
"2"," [35%] Downloaded 4290045 bytes..."
"2"," [35%] Downloaded 4290069 bytes..."
"2"," [35%] Downloaded 4306429 bytes..."
"2"," [35%] Downloaded 4306453 bytes..."
"2"," [35%] Downloaded 4322813 bytes..."
"2"," [35%] Downloaded 4322837 bytes..."
"2"," [35%] Downloaded 4339197 bytes..."
"2"," [35%] Downloaded 4339221 bytes..."
"2"," [35%] Downloaded 4355581 bytes..."
"2"," [35%] Downloaded 4355605 bytes..."
"2"," [35%] Downloaded 4371965 bytes..."
"2"," [35%] Downloaded 4371989 bytes..."
"2"," [35%] Downloaded 4388349 bytes..."
"2"," [35%] Downloaded 4388373 bytes..."
"2"," [36%] Downloaded 4404733 bytes..."
"2"," [36%] Downloaded 4404757 bytes..."
"2"," [36%] Downloaded 4421117 bytes..."
"2"," [36%] Downloaded 4421141 bytes..."
"2"," [36%] Downloaded 4437501 bytes..."
"2"," [36%] Downloaded 4437525 bytes..."
"2"," [36%] Downloaded 4453885 bytes..."
"2"," [36%] Downloaded 4453909 bytes..."
"2"," [36%] Downloaded 4470269 bytes..."
"2"," [36%] Downloaded 4470293 bytes..."
"2"," [36%] Downloaded 4486653 bytes..."
"2"," [36%] Downloaded 4486677 bytes..."
"2"," [36%] Downloaded 4503037 bytes..."
"2"," [36%] Downloaded 4503061 bytes..."
"2"," [37%] Downloaded 4519421 bytes..."
"2"," [37%] Downloaded 4519445 bytes..."
"2"," [37%] Downloaded 4535805 bytes..."
"2"," [37%] Downloaded 4535829 bytes..."
"2"," [37%] Downloaded 4552189 bytes..."
"2"," [37%] Downloaded 4552213 bytes..."
"2"," [37%] Downloaded 4568573 bytes..."
"2"," [37%] Downloaded 4568597 bytes..."
"2"," [37%] Downloaded 4584957 bytes..."
"2"," [37%] Downloaded 4584981 bytes..."
"2"," [37%] Downloaded 4601341 bytes..."
"2"," [37%] Downloaded 4601365 bytes..."
"2"," [37%] Downloaded 4617725 bytes..."
"2"," [37%] Downloaded 4617749 bytes..."
"2"," [37%] Downloaded 4634109 bytes..."
"2"," [37%] Downloaded 4634133 bytes..."
"2"," [38%] Downloaded 4650493 bytes..."
"2"," [38%] Downloaded 4650517 bytes..."
"2"," [38%] Downloaded 4666877 bytes..."
"2"," [38%] Downloaded 4666901 bytes..."
"2"," [38%] Downloaded 4683261 bytes..."
"2"," [38%] Downloaded 4683285 bytes..."
"2"," [38%] Downloaded 4699645 bytes..."
"2"," [38%] Downloaded 4699669 bytes..."
"2"," [38%] Downloaded 4716029 bytes..."
"2"," [38%] Downloaded 4716053 bytes..."
"2"," [38%] Downloaded 4732413 bytes..."
"2"," [38%] Downloaded 4732437 bytes..."
"2"," [38%] Downloaded 4748797 bytes..."
"2"," [38%] Downloaded 4748821 bytes..."
"2"," [39%] Downloaded 4765181 bytes..."
"2"," [39%] Downloaded 4765205 bytes..."
"2"," [39%] Downloaded 4781565 bytes..."
"2"," [39%] Downloaded 4781589 bytes..."
"2"," [39%] Downloaded 4797949 bytes..."
"2"," [39%] Downloaded 4797973 bytes..."
"2"," [39%] Downloaded 4814333 bytes..."
"2"," [39%] Downloaded 4814357 bytes..."
"2"," [39%] Downloaded 4830717 bytes..."
"2"," [39%] Downloaded 4830741 bytes..."
"2"," [39%] Downloaded 4847101 bytes..."
"2"," [39%] Downloaded 4847125 bytes..."
"2"," [39%] Downloaded 4863485 bytes..."
"2"," [39%] Downloaded 4863509 bytes..."
"2"," [39%] Downloaded 4879869 bytes..."
"2"," [39%] Downloaded 4879893 bytes..."
"2"," [40%] Downloaded 4896253 bytes..."
"2"," [40%] Downloaded 4896277 bytes..."
"2"," [40%] Downloaded 4912637 bytes..."
"2"," [40%] Downloaded 4912661 bytes..."
"2"," [40%] Downloaded 4929021 bytes..."
"2"," [40%] Downloaded 4929045 bytes..."
"2"," [40%] Downloaded 4945405 bytes..."
"2"," [40%] Downloaded 4945429 bytes..."
"2"," [40%] Downloaded 4961789 bytes..."
"2"," [40%] Downloaded 4961813 bytes..."
"2"," [40%] Downloaded 4978173 bytes..."
"2"," [40%] Downloaded 4978197 bytes..."
"2"," [40%] Downloaded 4994557 bytes..."
"2"," [40%] Downloaded 4994581 bytes..."
"2"," [41%] Downloaded 5010941 bytes..."
"2"," [41%] Downloaded 5010965 bytes..."
"2"," [41%] Downloaded 5027325 bytes..."
"2"," [41%] Downloaded 5027349 bytes..."
"2"," [41%] Downloaded 5043709 bytes..."
"2"," [41%] Downloaded 5043733 bytes..."
"2"," [41%] Downloaded 5060093 bytes..."
"2"," [41%] Downloaded 5060117 bytes..."
"2"," [41%] Downloaded 5076477 bytes..."
"2"," [41%] Downloaded 5076501 bytes..."
"2"," [41%] Downloaded 5092861 bytes..."
"2"," [41%] Downloaded 5092885 bytes..."
"2"," [41%] Downloaded 5109245 bytes..."
"2"," [41%] Downloaded 5109269 bytes..."
"2"," [42%] Downloaded 5125629 bytes..."
"2"," [42%] Downloaded 5125653 bytes..."
"2"," [42%] Downloaded 5142013 bytes..."
"2"," [42%] Downloaded 5142037 bytes..."
"2"," [42%] Downloaded 5158397 bytes..."
"2"," [42%] Downloaded 5158421 bytes..."
"2"," [42%] Downloaded 5174781 bytes..."
"2"," [42%] Downloaded 5174805 bytes..."
"2"," [42%] Downloaded 5191165 bytes..."
"2"," [42%] Downloaded 5191189 bytes..."
"2"," [42%] Downloaded 5207549 bytes..."
"2"," [42%] Downloaded 5207573 bytes..."
"2"," [42%] Downloaded 5223933 bytes..."
"2"," [42%] Downloaded 5223957 bytes..."
"2"," [42%] Downloaded 5240317 bytes..."
"2"," [42%] Downloaded 5240341 bytes..."
"2"," [43%] Downloaded 5256701 bytes..."
"2"," [43%] Downloaded 5256725 bytes..."
"2"," [43%] Downloaded 5273085 bytes..."
"2"," [43%] Downloaded 5273109 bytes..."
"2"," [43%] Downloaded 5289469 bytes..."
"2"," [43%] Downloaded 5289493 bytes..."
"2"," [43%] Downloaded 5305853 bytes..."
"2"," [43%] Downloaded 5305877 bytes..."
"2"," [43%] Downloaded 5322237 bytes..."
"2"," [43%] Downloaded 5322261 bytes..."
"2"," [43%] Downloaded 5338621 bytes..."
"2"," [43%] Downloaded 5338645 bytes..."
"2"," [43%] Downloaded 5355005 bytes..."
"2"," [43%] Downloaded 5355029 bytes..."
"2"," [44%] Downloaded 5371389 bytes..."
"2"," [44%] Downloaded 5371413 bytes..."
"2"," [44%] Downloaded 5387773 bytes..."
"2"," [44%] Downloaded 5387797 bytes..."
"2"," [44%] Downloaded 5404157 bytes..."
"2"," [44%] Downloaded 5404181 bytes..."
"2"," [44%] Downloaded 5420541 bytes..."
"2"," [44%] Downloaded 5420565 bytes..."
"2"," [44%] Downloaded 5436925 bytes..."
"2"," [44%] Downloaded 5436949 bytes..."
"2"," [44%] Downloaded 5453309 bytes..."
"2"," [44%] Downloaded 5453333 bytes..."
"2"," [44%] Downloaded 5469693 bytes..."
"2"," [44%] Downloaded 5469717 bytes..."
"2"," [44%] Downloaded 5486077 bytes..."
"2"," [44%] Downloaded 5486101 bytes..."
"2"," [45%] Downloaded 5502461 bytes..."
"2"," [45%] Downloaded 5502485 bytes..."
"2"," [45%] Downloaded 5518845 bytes..."
"2"," [45%] Downloaded 5518869 bytes..."
"2"," [45%] Downloaded 5535229 bytes..."
"2"," [45%] Downloaded 5535253 bytes..."
"2"," [45%] Downloaded 5551613 bytes..."
"2"," [45%] Downloaded 5551637 bytes..."
"2"," [45%] Downloaded 5567997 bytes..."
"2"," [45%] Downloaded 5568021 bytes..."
"2"," [45%] Downloaded 5584381 bytes..."
"2"," [45%] Downloaded 5584405 bytes..."
"2"," [45%] Downloaded 5600765 bytes..."
"2"," [45%] Downloaded 5600789 bytes..."
"2"," [46%] Downloaded 5617149 bytes..."
"2"," [46%] Downloaded 5617173 bytes..."
"2"," [46%] Downloaded 5633533 bytes..."
"2"," [46%] Downloaded 5633557 bytes..."
"2"," [46%] Downloaded 5649917 bytes..."
"2"," [46%] Downloaded 5649941 bytes..."
"2"," [46%] Downloaded 5666301 bytes..."
"2"," [46%] Downloaded 5666325 bytes..."
"2"," [46%] Downloaded 5682685 bytes..."
"2"," [46%] Downloaded 5682709 bytes..."
"2"," [46%] Downloaded 5699069 bytes..."
"2"," [46%] Downloaded 5699093 bytes..."
"2"," [46%] Downloaded 5715453 bytes..."
"2"," [46%] Downloaded 5715477 bytes..."
"2"," [46%] Downloaded 5731837 bytes..."
"2"," [46%] Downloaded 5731861 bytes..."
"2"," [47%] Downloaded 5748221 bytes..."
"2"," [47%] Downloaded 5748245 bytes..."
"2"," [47%] Downloaded 5764605 bytes..."
"2"," [47%] Downloaded 5764629 bytes..."
"2"," [47%] Downloaded 5780989 bytes..."
"2"," [47%] Downloaded 5781013 bytes..."
"2"," [47%] Downloaded 5797373 bytes..."
"2"," [47%] Downloaded 5797397 bytes..."
"2"," [47%] Downloaded 5813757 bytes..."
"2"," [47%] Downloaded 5813781 bytes..."
"2"," [47%] Downloaded 5830141 bytes..."
"2"," [47%] Downloaded 5830165 bytes..."
"2"," [47%] Downloaded 5846525 bytes..."
"2"," [47%] Downloaded 5846549 bytes..."
"2"," [48%] Downloaded 5862909 bytes..."
"2"," [48%] Downloaded 5862933 bytes..."
"2"," [48%] Downloaded 5879293 bytes..."
"2"," [48%] Downloaded 5879317 bytes..."
"2"," [48%] Downloaded 5895677 bytes..."
"2"," [48%] Downloaded 5895701 bytes..."
"2"," [48%] Downloaded 5912061 bytes..."
"2"," [48%] Downloaded 5912085 bytes..."
"2"," [48%] Downloaded 5928445 bytes..."
"2"," [48%] Downloaded 5928469 bytes..."
"2"," [48%] Downloaded 5944829 bytes..."
"2"," [48%] Downloaded 5944853 bytes..."
"2"," [48%] Downloaded 5961213 bytes..."
"2"," [48%] Downloaded 5961237 bytes..."
"2"," [48%] Downloaded 5977597 bytes..."
"2"," [48%] Downloaded 5977621 bytes..."
"2"," [49%] Downloaded 5993981 bytes..."
"2"," [49%] Downloaded 5994005 bytes..."
"2"," [49%] Downloaded 6010365 bytes..."
"2"," [49%] Downloaded 6010389 bytes..."
"2"," [49%] Downloaded 6026749 bytes..."
"2"," [49%] Downloaded 6026773 bytes..."
"2"," [49%] Downloaded 6043133 bytes..."
"2"," [49%] Downloaded 6043157 bytes..."
"2"," [49%] Downloaded 6059517 bytes..."
"2"," [49%] Downloaded 6059541 bytes..."
"2"," [49%] Downloaded 6075901 bytes..."
"2"," [49%] Downloaded 6075925 bytes..."
"2"," [49%] Downloaded 6092285 bytes..."
"2"," [49%] Downloaded 6092309 bytes..."
"2"," [50%] Downloaded 6108669 bytes..."
"2"," [50%] Downloaded 6108693 bytes..."
"2"," [50%] Downloaded 6125053 bytes..."
"2"," [50%] Downloaded 6125077 bytes..."
"2"," [50%] Downloaded 6141437 bytes..."
"2"," [50%] Downloaded 6141461 bytes..."
"2"," [50%] Downloaded 6157821 bytes..."
"2"," [50%] Downloaded 6157845 bytes..."
"2"," [50%] Downloaded 6174205 bytes..."
"2"," [50%] Downloaded 6174229 bytes..."
"2"," [50%] Downloaded 6190589 bytes..."
"2"," [50%] Downloaded 6190613 bytes..."
"2"," [50%] Downloaded 6206973 bytes..."
"2"," [50%] Downloaded 6206997 bytes..."
"2"," [50%] Downloaded 6223357 bytes..."
"2"," [50%] Downloaded 6223381 bytes..."
"2"," [51%] Downloaded 6239741 bytes..."
"2"," [51%] Downloaded 6239765 bytes..."
"2"," [51%] Downloaded 6256125 bytes..."
"2"," [51%] Downloaded 6256149 bytes..."
"2"," [51%] Downloaded 6272509 bytes..."
"2"," [51%] Downloaded 6272533 bytes..."
"2"," [51%] Downloaded 6288893 bytes..."
"2"," [51%] Downloaded 6288917 bytes..."
"2"," [51%] Downloaded 6305277 bytes..."
"2"," [51%] Downloaded 6305301 bytes..."
"2"," [51%] Downloaded 6321661 bytes..."
"2"," [51%] Downloaded 6321685 bytes..."
"2"," [51%] Downloaded 6338045 bytes..."
"2"," [51%] Downloaded 6338069 bytes..."
"2"," [52%] Downloaded 6354429 bytes..."
"2"," [52%] Downloaded 6354453 bytes..."
"2"," [52%] Downloaded 6370813 bytes..."
"2"," [52%] Downloaded 6370837 bytes..."
"2"," [52%] Downloaded 6387197 bytes..."
"2"," [52%] Downloaded 6387221 bytes..."
"2"," [52%] Downloaded 6403581 bytes..."
"2"," [52%] Downloaded 6403605 bytes..."
"2"," [52%] Downloaded 6419965 bytes..."
"2"," [52%] Downloaded 6419989 bytes..."
"2"," [52%] Downloaded 6436349 bytes..."
"2"," [52%] Downloaded 6436373 bytes..."
"2"," [52%] Downloaded 6452733 bytes..."
"2"," [52%] Downloaded 6452757 bytes..."
"2"," [53%] Downloaded 6469117 bytes..."
"2"," [53%] Downloaded 6469141 bytes..."
"2"," [53%] Downloaded 6485501 bytes..."
"2"," [53%] Downloaded 6485525 bytes..."
"2"," [53%] Downloaded 6501885 bytes..."
"2"," [53%] Downloaded 6501909 bytes..."
"2"," [53%] Downloaded 6518269 bytes..."
"2"," [53%] Downloaded 6518293 bytes..."
"2"," [53%] Downloaded 6534653 bytes..."
"2"," [53%] Downloaded 6534677 bytes..."
"2"," [53%] Downloaded 6551037 bytes..."
"2"," [53%] Downloaded 6551061 bytes..."
"2"," [53%] Downloaded 6567421 bytes..."
"2"," [53%] Downloaded 6567445 bytes..."
"2"," [53%] Downloaded 6583805 bytes..."
"2"," [53%] Downloaded 6583829 bytes..."
"2"," [54%] Downloaded 6600189 bytes..."
"2"," [54%] Downloaded 6600213 bytes..."
"2"," [54%] Downloaded 6616573 bytes..."
"2"," [54%] Downloaded 6616597 bytes..."
"2"," [54%] Downloaded 6632957 bytes..."
"2"," [54%] Downloaded 6632981 bytes..."
"2"," [54%] Downloaded 6649341 bytes..."
"2"," [54%] Downloaded 6649365 bytes..."
"2"," [54%] Downloaded 6665725 bytes..."
"2"," [54%] Downloaded 6665749 bytes..."
"2"," [54%] Downloaded 6682109 bytes..."
"2"," [54%] Downloaded 6682133 bytes..."
"2"," [54%] Downloaded 6698493 bytes..."
"2"," [54%] Downloaded 6698517 bytes..."
"2"," [55%] Downloaded 6714877 bytes..."
"2"," [55%] Downloaded 6714901 bytes..."
"2"," [55%] Downloaded 6731261 bytes..."
"2"," [55%] Downloaded 6731285 bytes..."
"2"," [55%] Downloaded 6747645 bytes..."
"2"," [55%] Downloaded 6747669 bytes..."
"2"," [55%] Downloaded 6764029 bytes..."
"2"," [55%] Downloaded 6764053 bytes..."
"2"," [55%] Downloaded 6780413 bytes..."
"2"," [55%] Downloaded 6780437 bytes..."
"2"," [55%] Downloaded 6796797 bytes..."
"2"," [55%] Downloaded 6796821 bytes..."
"2"," [55%] Downloaded 6813181 bytes..."
"2"," [55%] Downloaded 6813205 bytes..."
"2"," [55%] Downloaded 6829565 bytes..."
"2"," [55%] Downloaded 6829589 bytes..."
"2"," [56%] Downloaded 6845949 bytes..."
"2"," [56%] Downloaded 6845973 bytes..."
"2"," [56%] Downloaded 6862333 bytes..."
"2"," [56%] Downloaded 6862357 bytes..."
"2"," [56%] Downloaded 6878717 bytes..."
"2"," [56%] Downloaded 6878741 bytes..."
"2"," [56%] Downloaded 6895101 bytes..."
"2"," [56%] Downloaded 6895125 bytes..."
"2"," [56%] Downloaded 6911485 bytes..."
"2"," [56%] Downloaded 6911509 bytes..."
"2"," [56%] Downloaded 6927869 bytes..."
"2"," [56%] Downloaded 6927893 bytes..."
"2"," [56%] Downloaded 6944253 bytes..."
"2"," [56%] Downloaded 6944277 bytes..."
"2"," [57%] Downloaded 6960637 bytes..."
"2"," [57%] Downloaded 6960661 bytes..."
"2"," [57%] Downloaded 6977021 bytes..."
"2"," [57%] Downloaded 6977045 bytes..."
"2"," [57%] Downloaded 6993405 bytes..."
"2"," [57%] Downloaded 6993429 bytes..."
"2"," [57%] Downloaded 7009789 bytes..."
"2"," [57%] Downloaded 7009813 bytes..."
"2"," [57%] Downloaded 7026173 bytes..."
"2"," [57%] Downloaded 7026197 bytes..."
"2"," [57%] Downloaded 7042557 bytes..."
"2"," [57%] Downloaded 7042581 bytes..."
"2"," [57%] Downloaded 7058941 bytes..."
"2"," [57%] Downloaded 7058965 bytes..."
"2"," [57%] Downloaded 7075325 bytes..."
"2"," [57%] Downloaded 7075349 bytes..."
"2"," [58%] Downloaded 7091709 bytes..."
"2"," [58%] Downloaded 7091733 bytes..."
"2"," [58%] Downloaded 7108093 bytes..."
"2"," [58%] Downloaded 7108117 bytes..."
"2"," [58%] Downloaded 7124477 bytes..."
"2"," [58%] Downloaded 7124501 bytes..."
"2"," [58%] Downloaded 7140861 bytes..."
"2"," [58%] Downloaded 7140885 bytes..."
"2"," [58%] Downloaded 7157245 bytes..."
"2"," [58%] Downloaded 7157269 bytes..."
"2"," [58%] Downloaded 7173629 bytes..."
"2"," [58%] Downloaded 7173653 bytes..."
"2"," [58%] Downloaded 7190013 bytes..."
"2"," [58%] Downloaded 7190037 bytes..."
"2"," [59%] Downloaded 7206397 bytes..."
"2"," [59%] Downloaded 7206421 bytes..."
"2"," [59%] Downloaded 7222781 bytes..."
"2"," [59%] Downloaded 7222805 bytes..."
"2"," [59%] Downloaded 7239165 bytes..."
"2"," [59%] Downloaded 7239189 bytes..."
"2"," [59%] Downloaded 7255549 bytes..."
"2"," [59%] Downloaded 7255573 bytes..."
"2"," [59%] Downloaded 7271933 bytes..."
"2"," [59%] Downloaded 7271957 bytes..."
"2"," [59%] Downloaded 7288317 bytes..."
"2"," [59%] Downloaded 7288341 bytes..."
"2"," [59%] Downloaded 7304701 bytes..."
"2"," [59%] Downloaded 7304725 bytes..."
"2"," [59%] Downloaded 7321085 bytes..."
"2"," [59%] Downloaded 7321109 bytes..."
"2"," [60%] Downloaded 7337469 bytes..."
"2"," [60%] Downloaded 7337493 bytes..."
"2"," [60%] Downloaded 7353853 bytes..."
"2"," [60%] Downloaded 7353877 bytes..."
"2"," [60%] Downloaded 7370237 bytes..."
"2"," [60%] Downloaded 7370261 bytes..."
"2"," [60%] Downloaded 7386621 bytes..."
"2"," [60%] Downloaded 7386645 bytes..."
"2"," [60%] Downloaded 7403005 bytes..."
"2"," [60%] Downloaded 7403029 bytes..."
"2"," [60%] Downloaded 7419389 bytes..."
"2"," [60%] Downloaded 7419413 bytes..."
"2"," [60%] Downloaded 7435773 bytes..."
"2"," [60%] Downloaded 7435797 bytes..."
"2"," [61%] Downloaded 7452157 bytes..."
"2"," [61%] Downloaded 7452181 bytes..."
"2"," [61%] Downloaded 7468541 bytes..."
"2"," [61%] Downloaded 7468565 bytes..."
"2"," [61%] Downloaded 7484925 bytes..."
"2"," [61%] Downloaded 7484949 bytes..."
"2"," [61%] Downloaded 7501309 bytes..."
"2"," [61%] Downloaded 7501333 bytes..."
"2"," [61%] Downloaded 7517693 bytes..."
"2"," [61%] Downloaded 7517717 bytes..."
"2"," [61%] Downloaded 7534077 bytes..."
"2"," [61%] Downloaded 7534101 bytes..."
"2"," [61%] Downloaded 7550461 bytes..."
"2"," [61%] Downloaded 7550485 bytes..."
"2"," [62%] Downloaded 7566845 bytes..."
"2"," [62%] Downloaded 7566869 bytes..."
"2"," [62%] Downloaded 7583229 bytes..."
"2"," [62%] Downloaded 7583253 bytes..."
"2"," [62%] Downloaded 7599613 bytes..."
"2"," [62%] Downloaded 7599637 bytes..."
"2"," [62%] Downloaded 7615997 bytes..."
"2"," [62%] Downloaded 7616021 bytes..."
"2"," [62%] Downloaded 7632381 bytes..."
"2"," [62%] Downloaded 7632405 bytes..."
"2"," [62%] Downloaded 7648765 bytes..."
"2"," [62%] Downloaded 7648789 bytes..."
"2"," [62%] Downloaded 7665149 bytes..."
"2"," [62%] Downloaded 7665173 bytes..."
"2"," [62%] Downloaded 7681533 bytes..."
"2"," [62%] Downloaded 7681557 bytes..."
"2"," [63%] Downloaded 7697917 bytes..."
"2"," [63%] Downloaded 7697941 bytes..."
"2"," [63%] Downloaded 7714301 bytes..."
"2"," [63%] Downloaded 7714325 bytes..."
"2"," [63%] Downloaded 7730685 bytes..."
"2"," [63%] Downloaded 7730709 bytes..."
"2"," [63%] Downloaded 7747069 bytes..."
"2"," [63%] Downloaded 7747093 bytes..."
"2"," [63%] Downloaded 7763453 bytes..."
"2"," [63%] Downloaded 7763477 bytes..."
"2"," [63%] Downloaded 7779837 bytes..."
"2"," [63%] Downloaded 7779861 bytes..."
"2"," [63%] Downloaded 7796221 bytes..."
"2"," [63%] Downloaded 7796245 bytes..."
"2"," [64%] Downloaded 7812605 bytes..."
"2"," [64%] Downloaded 7812629 bytes..."
"2"," [64%] Downloaded 7828989 bytes..."
"2"," [64%] Downloaded 7829013 bytes..."
"2"," [64%] Downloaded 7845373 bytes..."
"2"," [64%] Downloaded 7845397 bytes..."
"2"," [64%] Downloaded 7861757 bytes..."
"2"," [64%] Downloaded 7861781 bytes..."
"2"," [64%] Downloaded 7878141 bytes..."
"2"," [64%] Downloaded 7878165 bytes..."
"2"," [64%] Downloaded 7894525 bytes..."
"2"," [64%] Downloaded 7894549 bytes..."
"2"," [64%] Downloaded 7910909 bytes..."
"2"," [64%] Downloaded 7910933 bytes..."
"2"," [64%] Downloaded 7927293 bytes..."
"2"," [64%] Downloaded 7927317 bytes..."
"2"," [65%] Downloaded 7943677 bytes..."
"2"," [65%] Downloaded 7943701 bytes..."
"2"," [65%] Downloaded 7960061 bytes..."
"2"," [65%] Downloaded 7960085 bytes..."
"2"," [65%] Downloaded 7976445 bytes..."
"2"," [65%] Downloaded 7976469 bytes..."
"2"," [65%] Downloaded 7992829 bytes..."
"2"," [65%] Downloaded 7992853 bytes..."
"2"," [65%] Downloaded 8009213 bytes..."
"2"," [65%] Downloaded 8009237 bytes..."
"2"," [65%] Downloaded 8025597 bytes..."
"2"," [65%] Downloaded 8025621 bytes..."
"2"," [65%] Downloaded 8041981 bytes..."
"2"," [65%] Downloaded 8042005 bytes..."
"2"," [66%] Downloaded 8058365 bytes..."
"2"," [66%] Downloaded 8058389 bytes..."
"2"," [66%] Downloaded 8074749 bytes..."
"2"," [66%] Downloaded 8074773 bytes..."
"2"," [66%] Downloaded 8091133 bytes..."
"2"," [66%] Downloaded 8091157 bytes..."
"2"," [66%] Downloaded 8107517 bytes..."
"2"," [66%] Downloaded 8107541 bytes..."
"2"," [66%] Downloaded 8123901 bytes..."
"2"," [66%] Downloaded 8123925 bytes..."
"2"," [66%] Downloaded 8140285 bytes..."
"2"," [66%] Downloaded 8140309 bytes..."
"2"," [66%] Downloaded 8156669 bytes..."
"2"," [66%] Downloaded 8156693 bytes..."
"2"," [66%] Downloaded 8173053 bytes..."
"2"," [66%] Downloaded 8173077 bytes..."
"2"," [67%] Downloaded 8189437 bytes..."
"2"," [67%] Downloaded 8189461 bytes..."
"2"," [67%] Downloaded 8205821 bytes..."
"2"," [67%] Downloaded 8205845 bytes..."
"2"," [67%] Downloaded 8222205 bytes..."
"2"," [67%] Downloaded 8222229 bytes..."
"2"," [67%] Downloaded 8238589 bytes..."
"2"," [67%] Downloaded 8238613 bytes..."
"2"," [67%] Downloaded 8254973 bytes..."
"2"," [67%] Downloaded 8254997 bytes..."
"2"," [67%] Downloaded 8271357 bytes..."
"2"," [67%] Downloaded 8271381 bytes..."
"2"," [67%] Downloaded 8287741 bytes..."
"2"," [67%] Downloaded 8287765 bytes..."
"2"," [68%] Downloaded 8304125 bytes..."
"2"," [68%] Downloaded 8304149 bytes..."
"2"," [68%] Downloaded 8320509 bytes..."
"2"," [68%] Downloaded 8320533 bytes..."
"2"," [68%] Downloaded 8336893 bytes..."
"2"," [68%] Downloaded 8336917 bytes..."
"2"," [68%] Downloaded 8353277 bytes..."
"2"," [68%] Downloaded 8353301 bytes..."
"2"," [68%] Downloaded 8369661 bytes..."
"2"," [68%] Downloaded 8369685 bytes..."
"2"," [68%] Downloaded 8386045 bytes..."
"2"," [68%] Downloaded 8386069 bytes..."
"2"," [68%] Downloaded 8402429 bytes..."
"2"," [68%] Downloaded 8402453 bytes..."
"2"," [68%] Downloaded 8418813 bytes..."
"2"," [68%] Downloaded 8418837 bytes..."
"2"," [69%] Downloaded 8435197 bytes..."
"2"," [69%] Downloaded 8435221 bytes..."
"2"," [69%] Downloaded 8451581 bytes..."
"2"," [69%] Downloaded 8451605 bytes..."
"2"," [69%] Downloaded 8467965 bytes..."
"2"," [69%] Downloaded 8467989 bytes..."
"2"," [69%] Downloaded 8484349 bytes..."
"2"," [69%] Downloaded 8484373 bytes..."
"2"," [69%] Downloaded 8500733 bytes..."
"2"," [69%] Downloaded 8500757 bytes..."
"2"," [69%] Downloaded 8517117 bytes..."
"2"," [69%] Downloaded 8517141 bytes..."
"2"," [69%] Downloaded 8533501 bytes..."
"2"," [69%] Downloaded 8533525 bytes..."
"2"," [70%] Downloaded 8549885 bytes..."
"2"," [70%] Downloaded 8549909 bytes..."
"2"," [70%] Downloaded 8566269 bytes..."
"2"," [70%] Downloaded 8566293 bytes..."
"2"," [70%] Downloaded 8582653 bytes..."
"2"," [70%] Downloaded 8582677 bytes..."
"2"," [70%] Downloaded 8599037 bytes..."
"2"," [70%] Downloaded 8599061 bytes..."
"2"," [70%] Downloaded 8615421 bytes..."
"2"," [70%] Downloaded 8615445 bytes..."
"2"," [70%] Downloaded 8631805 bytes..."
"2"," [70%] Downloaded 8631829 bytes..."
"2"," [70%] Downloaded 8648189 bytes..."
"2"," [70%] Downloaded 8648213 bytes..."
"2"," [71%] Downloaded 8664573 bytes..."
"2"," [71%] Downloaded 8664597 bytes..."
"2"," [71%] Downloaded 8680957 bytes..."
"2"," [71%] Downloaded 8680981 bytes..."
"2"," [71%] Downloaded 8697341 bytes..."
"2"," [71%] Downloaded 8697365 bytes..."
"2"," [71%] Downloaded 8713725 bytes..."
"2"," [71%] Downloaded 8713749 bytes..."
"2"," [71%] Downloaded 8730109 bytes..."
"2"," [71%] Downloaded 8730133 bytes..."
"2"," [71%] Downloaded 8746493 bytes..."
"2"," [71%] Downloaded 8746517 bytes..."
"2"," [71%] Downloaded 8762877 bytes..."
"2"," [71%] Downloaded 8762901 bytes..."
"2"," [71%] Downloaded 8779261 bytes..."
"2"," [71%] Downloaded 8779285 bytes..."
"2"," [72%] Downloaded 8795645 bytes..."
"2"," [72%] Downloaded 8795669 bytes..."
"2"," [72%] Downloaded 8812029 bytes..."
"2"," [72%] Downloaded 8812053 bytes..."
"2"," [72%] Downloaded 8828413 bytes..."
"2"," [72%] Downloaded 8828437 bytes..."
"2"," [72%] Downloaded 8844797 bytes..."
"2"," [72%] Downloaded 8844821 bytes..."
"2"," [72%] Downloaded 8861181 bytes..."
"2"," [72%] Downloaded 8861205 bytes..."
"2"," [72%] Downloaded 8877565 bytes..."
"2"," [72%] Downloaded 8877589 bytes..."
"2"," [72%] Downloaded 8893949 bytes..."
"2"," [72%] Downloaded 8893973 bytes..."
"2"," [73%] Downloaded 8910333 bytes..."
"2"," [73%] Downloaded 8910357 bytes..."
"2"," [73%] Downloaded 8926717 bytes..."
"2"," [73%] Downloaded 8926741 bytes..."
"2"," [73%] Downloaded 8943101 bytes..."
"2"," [73%] Downloaded 8943125 bytes..."
"2"," [73%] Downloaded 8959485 bytes..."
"2"," [73%] Downloaded 8959509 bytes..."
"2"," [73%] Downloaded 8975869 bytes..."
"2"," [73%] Downloaded 8975893 bytes..."
"2"," [73%] Downloaded 8992253 bytes..."
"2"," [73%] Downloaded 8992277 bytes..."
"2"," [73%] Downloaded 9008637 bytes..."
"2"," [73%] Downloaded 9008661 bytes..."
"2"," [73%] Downloaded 9025021 bytes..."
"2"," [73%] Downloaded 9025045 bytes..."
"2"," [74%] Downloaded 9041405 bytes..."
"2"," [74%] Downloaded 9041429 bytes..."
"2"," [74%] Downloaded 9057789 bytes..."
"2"," [74%] Downloaded 9057813 bytes..."
"2"," [74%] Downloaded 9074173 bytes..."
"2"," [74%] Downloaded 9074197 bytes..."
"2"," [74%] Downloaded 9090557 bytes..."
"2"," [74%] Downloaded 9090581 bytes..."
"2"," [74%] Downloaded 9106941 bytes..."
"2"," [74%] Downloaded 9106965 bytes..."
"2"," [74%] Downloaded 9123325 bytes..."
"2"," [74%] Downloaded 9123349 bytes..."
"2"," [74%] Downloaded 9139709 bytes..."
"2"," [74%] Downloaded 9139733 bytes..."
"2"," [75%] Downloaded 9156093 bytes..."
"2"," [75%] Downloaded 9156117 bytes..."
"2"," [75%] Downloaded 9172477 bytes..."
"2"," [75%] Downloaded 9172501 bytes..."
"2"," [75%] Downloaded 9188861 bytes..."
"2"," [75%] Downloaded 9188885 bytes..."
"2"," [75%] Downloaded 9205245 bytes..."
"2"," [75%] Downloaded 9205269 bytes..."
"2"," [75%] Downloaded 9221629 bytes..."
"2"," [75%] Downloaded 9221653 bytes..."
"2"," [75%] Downloaded 9238013 bytes..."
"2"," [75%] Downloaded 9238037 bytes..."
"2"," [75%] Downloaded 9254397 bytes..."
"2"," [75%] Downloaded 9254421 bytes..."
"2"," [75%] Downloaded 9270781 bytes..."
"2"," [75%] Downloaded 9270805 bytes..."
"2"," [76%] Downloaded 9287165 bytes..."
"2"," [76%] Downloaded 9287189 bytes..."
"2"," [76%] Downloaded 9303549 bytes..."
"2"," [76%] Downloaded 9303573 bytes..."
"2"," [76%] Downloaded 9319933 bytes..."
"2"," [76%] Downloaded 9319957 bytes..."
"2"," [76%] Downloaded 9336317 bytes..."
"2"," [76%] Downloaded 9336341 bytes..."
"2"," [76%] Downloaded 9352701 bytes..."
"2"," [76%] Downloaded 9352725 bytes..."
"2"," [76%] Downloaded 9369085 bytes..."
"2"," [76%] Downloaded 9369109 bytes..."
"2"," [76%] Downloaded 9385469 bytes..."
"2"," [76%] Downloaded 9385493 bytes..."
"2"," [77%] Downloaded 9401853 bytes..."
"2"," [77%] Downloaded 9401877 bytes..."
"2"," [77%] Downloaded 9418237 bytes..."
"2"," [77%] Downloaded 9418261 bytes..."
"2"," [77%] Downloaded 9434621 bytes..."
"2"," [77%] Downloaded 9434645 bytes..."
"2"," [77%] Downloaded 9451005 bytes..."
"2"," [77%] Downloaded 9451029 bytes..."
"2"," [77%] Downloaded 9467389 bytes..."
"2"," [77%] Downloaded 9467413 bytes..."
"2"," [77%] Downloaded 9483773 bytes..."
"2"," [77%] Downloaded 9483797 bytes..."
"2"," [77%] Downloaded 9500157 bytes..."
"2"," [77%] Downloaded 9500181 bytes..."
"2"," [77%] Downloaded 9516541 bytes..."
"2"," [77%] Downloaded 9516565 bytes..."
"2"," [78%] Downloaded 9532925 bytes..."
"2"," [78%] Downloaded 9532949 bytes..."
"2"," [78%] Downloaded 9549309 bytes..."
"2"," [78%] Downloaded 9549333 bytes..."
"2"," [78%] Downloaded 9565693 bytes..."
"2"," [78%] Downloaded 9565717 bytes..."
"2"," [78%] Downloaded 9582077 bytes..."
"2"," [78%] Downloaded 9582101 bytes..."
"2"," [78%] Downloaded 9598461 bytes..."
"2"," [78%] Downloaded 9598485 bytes..."
"2"," [78%] Downloaded 9614845 bytes..."
"2"," [78%] Downloaded 9614869 bytes..."
"2"," [78%] Downloaded 9631229 bytes..."
"2"," [78%] Downloaded 9631253 bytes..."
"2"," [79%] Downloaded 9647613 bytes..."
"2"," [79%] Downloaded 9647637 bytes..."
"2"," [79%] Downloaded 9663997 bytes..."
"2"," [79%] Downloaded 9664021 bytes..."
"2"," [79%] Downloaded 9680381 bytes..."
"2"," [79%] Downloaded 9680405 bytes..."
"2"," [79%] Downloaded 9696765 bytes..."
"2"," [79%] Downloaded 9696789 bytes..."
"2"," [79%] Downloaded 9713149 bytes..."
"2"," [79%] Downloaded 9713173 bytes..."
"2"," [79%] Downloaded 9729533 bytes..."
"2"," [79%] Downloaded 9729557 bytes..."
"2"," [79%] Downloaded 9745917 bytes..."
"2"," [79%] Downloaded 9745941 bytes..."
"2"," [80%] Downloaded 9762301 bytes..."
"2"," [80%] Downloaded 9762325 bytes..."
"2"," [80%] Downloaded 9778685 bytes..."
"2"," [80%] Downloaded 9778709 bytes..."
"2"," [80%] Downloaded 9795069 bytes..."
"2"," [80%] Downloaded 9795093 bytes..."
"2"," [80%] Downloaded 9811453 bytes..."
"2"," [80%] Downloaded 9811477 bytes..."
"2"," [80%] Downloaded 9827837 bytes..."
"2"," [80%] Downloaded 9827861 bytes..."
"2"," [80%] Downloaded 9844221 bytes..."
"2"," [80%] Downloaded 9844245 bytes..."
"2"," [80%] Downloaded 9860605 bytes..."
"2"," [80%] Downloaded 9860629 bytes..."
"2"," [80%] Downloaded 9876989 bytes..."
"2"," [80%] Downloaded 9877013 bytes..."
"2"," [81%] Downloaded 9893373 bytes..."
"2"," [81%] Downloaded 9893397 bytes..."
"2"," [81%] Downloaded 9909757 bytes..."
"2"," [81%] Downloaded 9909781 bytes..."
"2"," [81%] Downloaded 9926141 bytes..."
"2"," [81%] Downloaded 9926165 bytes..."
"2"," [81%] Downloaded 9942525 bytes..."
"2"," [81%] Downloaded 9942549 bytes..."
"2"," [81%] Downloaded 9958909 bytes..."
"2"," [81%] Downloaded 9958933 bytes..."
"2"," [81%] Downloaded 9975293 bytes..."
"2"," [81%] Downloaded 9975317 bytes..."
"2"," [81%] Downloaded 9991677 bytes..."
"2"," [81%] Downloaded 9991701 bytes..."
"2"," [82%] Downloaded 10008061 bytes..."
"2"," [82%] Downloaded 10008085 bytes..."
"2"," [82%] Downloaded 10024445 bytes..."
"2"," [82%] Downloaded 10024469 bytes..."
"2"," [82%] Downloaded 10040829 bytes..."
"2"," [82%] Downloaded 10040853 bytes..."
"2"," [82%] Downloaded 10057213 bytes..."
"2"," [82%] Downloaded 10057237 bytes..."
"2"," [82%] Downloaded 10073597 bytes..."
"2"," [82%] Downloaded 10073621 bytes..."
"2"," [82%] Downloaded 10089981 bytes..."
"2"," [82%] Downloaded 10090005 bytes..."
"2"," [82%] Downloaded 10106365 bytes..."
"2"," [82%] Downloaded 10106389 bytes..."
"2"," [82%] Downloaded 10122749 bytes..."
"2"," [82%] Downloaded 10122773 bytes..."
"2"," [83%] Downloaded 10139133 bytes..."
"2"," [83%] Downloaded 10139157 bytes..."
"2"," [83%] Downloaded 10155517 bytes..."
"2"," [83%] Downloaded 10155541 bytes..."
"2"," [83%] Downloaded 10171901 bytes..."
"2"," [83%] Downloaded 10171925 bytes..."
"2"," [83%] Downloaded 10188285 bytes..."
"2"," [83%] Downloaded 10188309 bytes..."
"2"," [83%] Downloaded 10204669 bytes..."
"2"," [83%] Downloaded 10204693 bytes..."
"2"," [83%] Downloaded 10221053 bytes..."
"2"," [83%] Downloaded 10221077 bytes..."
"2"," [83%] Downloaded 10237437 bytes..."
"2"," [83%] Downloaded 10237461 bytes..."
"2"," [84%] Downloaded 10253821 bytes..."
"2"," [84%] Downloaded 10253845 bytes..."
"2"," [84%] Downloaded 10270205 bytes..."
"2"," [84%] Downloaded 10270229 bytes..."
"2"," [84%] Downloaded 10286589 bytes..."
"2"," [84%] Downloaded 10286613 bytes..."
"2"," [84%] Downloaded 10302973 bytes..."
"2"," [84%] Downloaded 10302997 bytes..."
"2"," [84%] Downloaded 10319357 bytes..."
"2"," [84%] Downloaded 10319381 bytes..."
"2"," [84%] Downloaded 10335741 bytes..."
"2"," [84%] Downloaded 10335765 bytes..."
"2"," [84%] Downloaded 10352125 bytes..."
"2"," [84%] Downloaded 10352149 bytes..."
"2"," [84%] Downloaded 10368509 bytes..."
"2"," [84%] Downloaded 10368533 bytes..."
"2"," [85%] Downloaded 10384893 bytes..."
"2"," [85%] Downloaded 10384917 bytes..."
"2"," [85%] Downloaded 10401277 bytes..."
"2"," [85%] Downloaded 10401301 bytes..."
"2"," [85%] Downloaded 10417661 bytes..."
"2"," [85%] Downloaded 10417685 bytes..."
"2"," [85%] Downloaded 10434045 bytes..."
"2"," [85%] Downloaded 10434069 bytes..."
"2"," [85%] Downloaded 10450429 bytes..."
"2"," [85%] Downloaded 10450453 bytes..."
"2"," [85%] Downloaded 10466813 bytes..."
"2"," [85%] Downloaded 10466837 bytes..."
"2"," [85%] Downloaded 10483197 bytes..."
"2"," [85%] Downloaded 10483221 bytes..."
"2"," [86%] Downloaded 10499581 bytes..."
"2"," [86%] Downloaded 10499605 bytes..."
"2"," [86%] Downloaded 10515965 bytes..."
"2"," [86%] Downloaded 10515989 bytes..."
"2"," [86%] Downloaded 10532349 bytes..."
"2"," [86%] Downloaded 10532373 bytes..."
"2"," [86%] Downloaded 10548733 bytes..."
"2"," [86%] Downloaded 10548757 bytes..."
"2"," [86%] Downloaded 10565117 bytes..."
"2"," [86%] Downloaded 10565141 bytes..."
"2"," [86%] Downloaded 10581501 bytes..."
"2"," [86%] Downloaded 10581525 bytes..."
"2"," [86%] Downloaded 10597885 bytes..."
"2"," [86%] Downloaded 10597909 bytes..."
"2"," [86%] Downloaded 10614269 bytes..."
"2"," [86%] Downloaded 10614293 bytes..."
"2"," [87%] Downloaded 10630653 bytes..."
"2"," [87%] Downloaded 10630677 bytes..."
"2"," [87%] Downloaded 10647037 bytes..."
"2"," [87%] Downloaded 10647061 bytes..."
"2"," [87%] Downloaded 10663421 bytes..."
"2"," [87%] Downloaded 10663445 bytes..."
"2"," [87%] Downloaded 10679805 bytes..."
"2"," [87%] Downloaded 10679829 bytes..."
"2"," [87%] Downloaded 10696189 bytes..."
"2"," [87%] Downloaded 10696213 bytes..."
"2"," [87%] Downloaded 10712573 bytes..."
"2"," [87%] Downloaded 10712597 bytes..."
"2"," [87%] Downloaded 10728957 bytes..."
"2"," [87%] Downloaded 10728981 bytes..."
"2"," [88%] Downloaded 10745341 bytes..."
"2"," [88%] Downloaded 10745365 bytes..."
"2"," [88%] Downloaded 10761725 bytes..."
"2"," [88%] Downloaded 10761749 bytes..."
"2"," [88%] Downloaded 10778109 bytes..."
"2"," [88%] Downloaded 10778133 bytes..."
"2"," [88%] Downloaded 10794493 bytes..."
"2"," [88%] Downloaded 10794517 bytes..."
"2"," [88%] Downloaded 10810877 bytes..."
"2"," [88%] Downloaded 10810901 bytes..."
"2"," [88%] Downloaded 10827261 bytes..."
"2"," [88%] Downloaded 10827285 bytes..."
"2"," [88%] Downloaded 10843645 bytes..."
"2"," [88%] Downloaded 10843669 bytes..."
"2"," [88%] Downloaded 10860029 bytes..."
"2"," [88%] Downloaded 10860053 bytes..."
"2"," [89%] Downloaded 10876413 bytes..."
"2"," [89%] Downloaded 10876437 bytes..."
"2"," [89%] Downloaded 10892797 bytes..."
"2"," [89%] Downloaded 10892821 bytes..."
"2"," [89%] Downloaded 10909181 bytes..."
"2"," [89%] Downloaded 10909205 bytes..."
"2"," [89%] Downloaded 10925565 bytes..."
"2"," [89%] Downloaded 10925589 bytes..."
"2"," [89%] Downloaded 10941949 bytes..."
"2"," [89%] Downloaded 10941973 bytes..."
"2"," [89%] Downloaded 10958333 bytes..."
"2"," [89%] Downloaded 10958357 bytes..."
"2"," [89%] Downloaded 10974717 bytes..."
"2"," [89%] Downloaded 10974741 bytes..."
"2"," [90%] Downloaded 10991101 bytes..."
"2"," [90%] Downloaded 10991125 bytes..."
"2"," [90%] Downloaded 11007485 bytes..."
"2"," [90%] Downloaded 11007509 bytes..."
"2"," [90%] Downloaded 11023869 bytes..."
"2"," [90%] Downloaded 11023893 bytes..."
"2"," [90%] Downloaded 11040253 bytes..."
"2"," [90%] Downloaded 11040277 bytes..."
"2"," [90%] Downloaded 11056637 bytes..."
"2"," [90%] Downloaded 11056661 bytes..."
"2"," [90%] Downloaded 11073021 bytes..."
"2"," [90%] Downloaded 11073045 bytes..."
"2"," [90%] Downloaded 11089405 bytes..."
"2"," [90%] Downloaded 11089429 bytes..."
"2"," [91%] Downloaded 11105789 bytes..."
"2"," [91%] Downloaded 11105813 bytes..."
"2"," [91%] Downloaded 11122173 bytes..."
"2"," [91%] Downloaded 11122197 bytes..."
"2"," [91%] Downloaded 11138557 bytes..."
"2"," [91%] Downloaded 11138581 bytes..."
"2"," [91%] Downloaded 11154941 bytes..."
"2"," [91%] Downloaded 11154965 bytes..."
"2"," [91%] Downloaded 11171325 bytes..."
"2"," [91%] Downloaded 11171349 bytes..."
"2"," [91%] Downloaded 11187709 bytes..."
"2"," [91%] Downloaded 11187733 bytes..."
"2"," [91%] Downloaded 11204093 bytes..."
"2"," [91%] Downloaded 11204117 bytes..."
"2"," [91%] Downloaded 11220477 bytes..."
"2"," [91%] Downloaded 11220501 bytes..."
"2"," [92%] Downloaded 11236861 bytes..."
"2"," [92%] Downloaded 11236885 bytes..."
"2"," [92%] Downloaded 11253245 bytes..."
"2"," [92%] Downloaded 11253269 bytes..."
"2"," [92%] Downloaded 11269629 bytes..."
"2"," [92%] Downloaded 11269653 bytes..."
"2"," [92%] Downloaded 11286013 bytes..."
"2"," [92%] Downloaded 11286037 bytes..."
"2"," [92%] Downloaded 11302397 bytes..."
"2"," [92%] Downloaded 11302421 bytes..."
"2"," [92%] Downloaded 11318781 bytes..."
"2"," [92%] Downloaded 11318805 bytes..."
"2"," [92%] Downloaded 11335165 bytes..."
"2"," [92%] Downloaded 11335189 bytes..."
"2"," [93%] Downloaded 11351549 bytes..."
"2"," [93%] Downloaded 11351573 bytes..."
"2"," [93%] Downloaded 11367933 bytes..."
"2"," [93%] Downloaded 11367957 bytes..."
"2"," [93%] Downloaded 11384317 bytes..."
"2"," [93%] Downloaded 11384341 bytes..."
"2"," [93%] Downloaded 11400701 bytes..."
"2"," [93%] Downloaded 11400725 bytes..."
"2"," [93%] Downloaded 11417085 bytes..."
"2"," [93%] Downloaded 11417109 bytes..."
"2"," [93%] Downloaded 11433469 bytes..."
"2"," [93%] Downloaded 11433493 bytes..."
"2"," [93%] Downloaded 11449853 bytes..."
"2"," [93%] Downloaded 11449877 bytes..."
"2"," [93%] Downloaded 11466237 bytes..."
"2"," [93%] Downloaded 11466261 bytes..."
"2"," [94%] Downloaded 11482621 bytes..."
"2"," [94%] Downloaded 11482645 bytes..."
"2"," [94%] Downloaded 11499005 bytes..."
"2"," [94%] Downloaded 11499029 bytes..."
"2"," [94%] Downloaded 11515389 bytes..."
"2"," [94%] Downloaded 11515413 bytes..."
"2"," [94%] Downloaded 11531773 bytes..."
"2"," [94%] Downloaded 11531797 bytes..."
"2"," [94%] Downloaded 11548157 bytes..."
"2"," [94%] Downloaded 11548181 bytes..."
"2"," [94%] Downloaded 11564541 bytes..."
"2"," [94%] Downloaded 11564565 bytes..."
"2"," [94%] Downloaded 11580925 bytes..."
"2"," [94%] Downloaded 11580949 bytes..."
"2"," [95%] Downloaded 11597309 bytes..."
"2"," [95%] Downloaded 11597333 bytes..."
"2"," [95%] Downloaded 11613693 bytes..."
"2"," [95%] Downloaded 11613717 bytes..."
"2"," [95%] Downloaded 11630077 bytes..."
"2"," [95%] Downloaded 11630101 bytes..."
"2"," [95%] Downloaded 11646461 bytes..."
"2"," [95%] Downloaded 11646485 bytes..."
"2"," [95%] Downloaded 11662845 bytes..."
"2"," [95%] Downloaded 11662869 bytes..."
"2"," [95%] Downloaded 11679229 bytes..."
"2"," [95%] Downloaded 11679253 bytes..."
"2"," [95%] Downloaded 11695613 bytes..."
"2"," [95%] Downloaded 11695637 bytes..."
"2"," [95%] Downloaded 11711997 bytes..."
"2"," [95%] Downloaded 11712021 bytes..."
"2"," [96%] Downloaded 11728381 bytes..."
"2"," [96%] Downloaded 11728405 bytes..."
"2"," [96%] Downloaded 11744765 bytes..."
"2"," [96%] Downloaded 11744789 bytes..."
"2"," [96%] Downloaded 11761149 bytes..."
"2"," [96%] Downloaded 11761173 bytes..."
"2"," [96%] Downloaded 11777533 bytes..."
"2"," [96%] Downloaded 11777557 bytes..."
"2"," [96%] Downloaded 11793917 bytes..."
"2"," [96%] Downloaded 11793941 bytes..."
"2"," [96%] Downloaded 11810301 bytes..."
"2"," [96%] Downloaded 11810325 bytes..."
"2"," [96%] Downloaded 11826685 bytes..."
"2"," [96%] Downloaded 11826709 bytes..."
"2"," [97%] Downloaded 11843069 bytes..."
"2"," [97%] Downloaded 11843093 bytes..."
"2"," [97%] Downloaded 11859453 bytes..."
"2"," [97%] Downloaded 11859477 bytes..."
"2"," [97%] Downloaded 11875837 bytes..."
"2"," [97%] Downloaded 11875861 bytes..."
"2"," [97%] Downloaded 11892221 bytes..."
"2"," [97%] Downloaded 11892245 bytes..."
"2"," [97%] Downloaded 11908605 bytes..."
"2"," [97%] Downloaded 11908629 bytes..."
"2"," [97%] Downloaded 11924989 bytes..."
"2"," [97%] Downloaded 11925013 bytes..."
"2"," [97%] Downloaded 11941373 bytes..."
"2"," [97%] Downloaded 11941397 bytes..."
"2"," [97%] Downloaded 11957757 bytes..."
"2"," [97%] Downloaded 11957781 bytes..."
"2"," [98%] Downloaded 11974141 bytes..."
"2"," [98%] Downloaded 11974165 bytes..."
"2"," [98%] Downloaded 11990525 bytes..."
"2"," [98%] Downloaded 11990549 bytes..."
"2"," [98%] Downloaded 12006909 bytes..."
"2"," [98%] Downloaded 12006933 bytes..."
"2"," [98%] Downloaded 12023293 bytes..."
"2"," [98%] Downloaded 12023317 bytes..."
"2"," [98%] Downloaded 12039677 bytes..."
"2"," [98%] Downloaded 12039701 bytes..."
"2"," [98%] Downloaded 12056061 bytes..."
"2"," [98%] Downloaded 12056085 bytes..."
"2"," [98%] Downloaded 12072445 bytes..."
"2"," [98%] Downloaded 12072469 bytes..."
"2"," [99%] Downloaded 12088829 bytes..."
"2"," [99%] Downloaded 12088853 bytes..."
"2"," [99%] Downloaded 12105213 bytes..."
"2"," [99%] Downloaded 12105237 bytes..."
"2"," [99%] Downloaded 12121597 bytes..."
"2"," [99%] Downloaded 12121621 bytes..."
"2"," [99%] Downloaded 12137981 bytes..."
"2"," [99%] Downloaded 12138005 bytes..."
"2"," [99%] Downloaded 12154365 bytes..."
"2"," [99%] Downloaded 12154389 bytes..."
"2"," [99%] Downloaded 12170749 bytes..."
"2"," [99%] Downloaded 12170773 bytes..."
"2"," [99%] Downloaded 12187133 bytes..."
"2"," [99%] Downloaded 12187157 bytes..."
"2"," [100%] Downloaded 12202745 bytes..."
"2","
"
